id,firstname,lastname,email,country,profession
100,Roberta,Avi,Roberta.Avi@email.com,Tokelau,worker
101,Sandie,Zitvaa,Sandie.Zitvaa@email.com,Mauritania,firefighter
102,Consuela,Anestassia,Consuela.Anestassia@email.com,Kiribati,developer
103,Thalia,Loring,Thalia.Loring@email.com,Switzerland,worker
104,Lorie,Tippets,Lorie.Tippets@email.com,Equatorial Guinea,developer
105,Tabbatha,Mendez,Tabbatha.Mendez@email.com,Nauru,worker
106,Clarice,Love,Clarice.Love@email.com,Cambodia,worker
107,Mureil,Solitta,Mureil.Solitta@email.com,Bosnia and Herzegovina,developer
108,Ilse,Gino,Ilse.Gino@email.com,Isle of Man,doctor
